{
	"AB":[53.933271,-116.576504,"Alberta"],
	"BC":[53.726668,-127.647621,"British Columbia"],
	"MB":[53.760861,-98.813876,"Manitoba"],
	"NB":[40.486216,-74.451819,"New Brunswick"],
	"NL":[48.402725,-54.672357,"Newfoundland and Labrador"],
	"NT":[72.592678,-121.065779,"Northwest Territories"],
	"NS":[44.692261,-62.657188,"Nova Scotia"],
	"NU":[62.6384669,-95.677068,"Nunavut"],
	"ON":[51.253775,-97.2635952,"Ontario"],
	"PE":[46.219058,-62.915849,"Prince Edward Island"],
	"QC":[52.939916,-73.549136,"Quebec"],
	"SK":[52.939916,-106.450864,"Saskatchewan"],
	"YT":[35.506722,-97.762544,"Yukon"]
}
