{
	"AL":[32.318231,-86.902298,"Alabama"],
	"AK":[63.588753,-154.493062,"Alaska"],
	"AZ":[34.048928,-111.093731,"Arizona"],
	"AR":[35.20105,-91.831833,"Arkansas"],
	"CA":[36.778261,-119.417932,"California"],
	"CO":[39.550051,-105.782067,"Colorado"],
	"CT":[41.603221,-73.087749,"Connecticut"],
	"DE":[38.910832,-75.52767,"Delaware"],
	"FL":[27.664827,-81.515754,"Florida"],
	"GA":[32.157435,-82.907123,"Georgia"],
	"HI":[19.898682,-155.665857,"Hawaii"],
	"ID":[44.068202,-114.742041,"Idaho"],
	"IL":[40.633125,-89.398528,"Illinois"],
	"IN":[40.551216,-85.602364,"Indiana"],
	"IA":[41.878002,-93.097702,"Iowa"],
	"KS":[39.011902,-98.484246,"Kansas"],
	"KY":[37.839333,-84.270018,"Kentucky"],
	"LA":[31.244823,-92.145024,"Louisiana"],
	"ME":[45.253783,-69.445469,"Maine"],
	"MD":[39.045755,-76.641271,"Maryland"],
	"MA":[42.407211,-71.382437,"Massachusetts"],
	"MI":[44.314844,-85.602364,"Michigan"],
	"MN":[46.729553,-94.6859,"Minnesota"],
	"MS":[32.354668,-89.398528,"Mississippi"],
	"MO":[37.964253,-91.831833,"Missouri"],
	"MT":[46.879682,-110.362566,"Montana"],
	"NE":[41.492537,-99.901813,"Nebraska"],
	"NV":[38.80261,-116.419389,"Nevada"],
	"NH":[43.193852,-71.572395,"New Hampshire"],
	"NJ":[40.058324,-74.405661,"New Jersey"],
	"NM":[34.97273,-105.032363,"New Mexico"],
	"NY":[40.714269,-74.005973,"New York"],
	"NC":[35.759573,-79.0193,"North Carolina"],
	"ND":[47.551493,-101.002012,"North Dakota"],
	"OH":[40.417287,-82.907123,"Ohio"],
	"OK":[35.007752,-97.092877,"Oklahoma"],
	"OR":[43.804133,-120.554201,"Oregon"],
	"PA":[41.203322,-77.194525,"Pennsylvania"],
	"RI":[41.580094,-71.477429,"Rhode Island"],
	"SC":[33.836081,-81.163724,"South Carolina"],
	"SD":[43.969515,-99.901813,"South Dakota"],
	"TN":[35.517491,-86.580447,"Tennessee"],
	"TX":[31.968599,-99.901813,"Texas"],
	"UT":[39.32098,-111.093731,"Utah"],
	"VT":[44.558803,-72.577841,"Vermont"],
	"VA":[37.431573,-78.656894,"Virginia"],
	"WA":[47.26059,-120.25635,"Washington"],
	"WV":[38.597626,-80.454903,"West Virginia"],
	"WI":[43.78444,-88.787868,"Wisconsin"],
	"WY":[43.075968,-107.290284,"Wyoming"]
}
